<?xml version="1.0" encoding="UTF-8" ?>
<!DOCTYPE configuration
        PUBLIC "-//mybatis.org//DTD Mapper 3.0//EN"
        "http://mybatis.org/dtd/mybatis-3-config.dtd">
<configuration>
    <settings>
        <setting name="logImpl" value="STDOUT_LOGGING"/>
    </settings>
    <environments default="ceshi">
<!--        <environment id="seal">-->
<!--            <transactionManager type="JDBC"></transactionManager>-->
<!--            <dataSource type="POOLED">-->
<!--                <property name="driver" value="com.mysql.jdbc.Driver"/>-->
<!--                <property name="url" value="jdbc:mysql://localhost:3306/seal"/>-->
<!--                <property name="username" value="root"/>-->
<!--                <property name="password" value="123qwe"/>-->
<!--            </dataSource>-->
<!--        </environment>-->
        <environment id="ceshi">
            <transactionManager type="JDBC"></transactionManager>
            <dataSource type="POOLED">
                <property name="driver" value="com.mysql.jdbc.Driver"/>
                <property name="url" value="jdbc:mysql://localhost:3306/seal?useUnicode=true&amp;characterEncoding=UTF-8&amp;characterSetResults=UTF-8&amp;autoReconnect=true"/>
                <property name="username" value="root"/>
                <property name="password" value="123qwe"/>
            </dataSource>
        </environment>
        <environment id="mysqls">
            <transactionManager type="JDBC"></transactionManager>
            <dataSource type="POOLED">
                <property name="driver" value="com.mysql.jdbc.Driver"/>
                <property name="url" value="jdbc:mysql://10.0.0.21:8739/seal_hn_web_test_1.0.2"/>
                <property name="username" value="seal_hn"/>
                <property name="password" value="uLxd4J"/>
            </dataSource>
        </environment>
    </environments>
    <mappers>
        <mapper resource="com/bjpowernode/dao/SealDao.xml"/>
    </mappers>
</configuration>


<!--13787930995-->