<?xml version="1.0" encoding="UTF-8"?>
<beans xmlns="http://www.springframework.org/schema/beans"
       xmlns:xsi="http://www.w3.org/2001/XMLSchema-instance"
       xsi:schemaLocation="http://www.springframework.org/schema/beans http://www.springframework.org/schema/beans/spring-beans.xsd">

    <bean id="user" class="com.bjpowernode.domain.User">
        <property name="username" value="dhht_yy"/>
        <property name="password" value="dhhthz801."/>
        <property name="email" value="123"/>
        <property name="telephoneNumber" value="123"/>
        <property name="id" value="123"/>
    </bean>

    <bean class="org.springframework.web.servlet.view.json.MappingJackson2JsonView">
        <property name="contentType" value="application/json"/>
    </bean>


</beans>
