<?xml version="1.0" encoding="UTF-8"?>
<beans xmlns="http://www.springframework.org/schema/beans"
           xmlns:xsi="http://www.w3.org/2001/XMLSchema-instance"
           xmlns:context="http://www.springframework.org/schema/context"
           xmlns:mvc="http://www.springframework.org/schema/mvc"
           xsi:schemaLocation="http://www.springframework.org/schema/beans
       http://www.springframework.org/schema/beans/spring-beans-4.2.xsd
    http://www.springframework.org/schema/mvc
    http://www.springframework.org/schema/mvc/spring-mvc-4.2.xsd
    http://www.springframework.org/schema/context
    http://www.springframework.org/schema/context/spring-context-4.2.xsd">


    <context:component-scan base-package="com.bjpowernode.controller"/>

<!--    <bean class="org.springframework.web.servlet.view.InternalResourceViewResolver">-->
<!--        <property name="prefix" value="/WEB-INF/view/" />-->
<!--        <property name="suffix" value=".jsp" />-->
<!--    </bean>-->

    <mvc:annotation-driven>

    </mvc:annotation-driven>

    <mvc:default-servlet-handler/>

    <mvc:annotation-driven>
        <mvc:message-converters>
            <!-- 解决@ResponseBody乱码问题 -->
            <bean class="org.springframework.http.converter.StringHttpMessageConverter">
                <property name="supportedMediaTypes">
                    <list>
                        <value>text/html;charset=UTF-8</value>
                        <value>application/json;charset=UTF-8</value>
                    </list>
                </property>
            </bean>
            <!--全局日期格式转化器-->
            <bean class="org.springframework.http.converter.json.MappingJackson2HttpMessageConverter">
                <property name="objectMapper">
                    <bean class="com.fasterxml.jackson.databind.ObjectMapper">
                        <property name="dateFormat">
                            <bean class="java.text.SimpleDateFormat">
                                <constructor-arg type="java.lang.String" value="yyyy-MM-dd HH:mm:ss" />
                            </bean>
                        </property>
                    </bean>
                </property>
            </bean>
        </mvc:message-converters>
    </mvc:annotation-driven>

    <mvc:resources mapping="/js/**" location="/js/"/>
    
</beans>


<!--
现在做ajax，主要使用json的数据格式。实现步骤：
1.加入处理json的工具库的依赖，springmvc默认使用jackson。                 jackson-core                jackson-databind
2.在springmvc配置文件之间加入<mvc:annotation-friven>注解驱动。
    json = om.writeValueAsString(student);
3.在处理器方法的上面加入@ResponseBody注解
    response.setContentType("application/json;charset=utf-8");
    PrintWriter pw = response.getWriter();
    pw.println(json);

    springmvc处理器方法返回object，可以转为json输出到浏览器，响应ajax的内部原理
    1.<mvc:annotation-friven>注解驱动。
        注解驱动实现的功能是完成java对象到json，xml，text，二进制等格式的转换。
        <mvc:annotation-friven>在加入到springmvc配置文件后，会自动传进啊HttpMessageConverter接口
        的7个实现类对象，包括MappingJacksonHttpMessageConverter（使用jackson工具库中的ObjectMapper实现java对象转为json对象

        HttpMessageConverter接口：消息转换器。
        功能：定义java转为json，xml等格式的方法。这个接口有很多的实现类。
                这些实现类完成java对象到json，java对象到xml，java对象到二进制数据的转换

        下面的两个方法是控制器类把结果输出给浏览器时使用的
        boolean canWrite(Class<?> var1,@Nullable MediatType var2);
        void write(T var1,@Nullable MediaType var2,HttpOutputMessage var3);

        例如处理器方法
        @RequestMapping(value = "/returnString.do");
        public Student doReturnView2(HttpServletRequest request,String name,Integet age){
            Student student = new Student();
            student.setName("lisi");
            student.setAge(20);
            return student;
        }

        1)canWrite作用检查处理器方法的返回值，能不能转为var2表示的数据格式。
        检查student(kusu,20)能不能转为var2表示的数据格式。如果检查能转为json，canWrite返回true
        MediaType：表示数据格式的，例如json，xml等等
        2)write：把处理器方法的返回值对象，调用jackson中的objectMapper转为json字符串。
            json = om.writeValueAsString(student);


    2.@ResponseBody注解                   原先手工写代码         现在添加一个注解就能搞定
        放在处理器方法的上面，通过HttpServletResponse输出数据，响应ajax请求的。
        PrintWriter pw = response.getWriter();
                pw.println(json);
                pw.flush();
                pw.close();


    第一种处理静态资源的方式：
    需要在springmvc配置文件中加入<mvc:default-servlet-handler>
    原理是：加入这个标签后，框架会创建控制器对象 DefaultServletHttpRequestHandler(类似我们自己创建的MyController)
    DefaultServletHttpRequestHandler这个对象可以把接收到的请求转发给tomcat的default这个servlet。
-->