<?xml version="1.0" encoding="UTF-8" ?>
<!DOCTYPE mapper
        PUBLIC "-//mybatis.org//DTD Mapper 3.0//EN"
        "http://mybatis.org/dtd/mybatis-3-mapper.dtd">
<mapper namespace="com.bjpowernode.dao.SealDao">


<!--    <resultMap id="back" type="com.bjpowernode.domain.Enterprise">-->
<!--        <result column="crop_name" property="enterpriseName" jdbcType="VARCHAR"/>-->
<!--        <result column="transact_phone" property="enterprisePhone" jdbcType="VARCHAR"/>-->
<!--    </resultMap>-->


<!--    <select id="selectEnterprise" resultMap="back" parameterType="string">-->
<!--        SELECT-->
<!--            crop_name,-->
<!--            transact_phone-->
<!--        FROM-->
<!--	        lv_seal-->
<!--	    where-->
<!--        crop_name like #{name}-->
<!--    </select>-->
    <update id="updatephone">
        update lv_crop set lv_crop.legal_phone = #{phone},lv_crop.is_not_update_from_gs = 00000001 where lv_crop.id = #{id}
    </update>

    <select id="selectEnterprise" resultType="com.bjpowernode.domain.Enterprise">
        SELECT
            lv_crop.id as enterpriseId,
            lv_crop.name as enterpriseName,
            lv_crop.legal_phone as enterprisePhone
        FROM
	        lv_crop
	    where
        lv_crop.name like "%"#{name}"%"
    </select>

    <select id="selectVerificationCode" resultType="com.bjpowernode.domain.VerificationCode">
--         select * from dhht_hn_sms_api_log order by id desc limt 1,100
        SELECT create_date as data, recept_phone as phone , sms_content as content , resp_msg as msg FROM dhht_hn_sms_api_log
        ORDER BY ID DESC LIMIT 1,100
    </select>
    <select id="selectSealNull" resultType="com.bjpowernode.domain.Seal">
        SELECT lv_city.`name` AS `name` ,lv_seal.city_no AS areaNo,count(*) AS total
        FROM
        lv_city JOIN lv_seal
        ON
        lv_seal.city_no = lv_city.`code`
        <where>
            province_no = 430000
            AND is_deleted = 'N'
            <if test="starttime != null and starttime != ''">
                AND lv_seal.approval_date >= STR_TO_DATE(#{starttime},'%Y-%m-%d')
            </if>
            <if test="endtime != null and endtime != ''">
                AND	lv_seal.approval_date &lt;= STR_TO_DATE(#{endtime},'%Y-%m-%d')
            </if>
            GROUP BY
            areaNo,lv_city.`name`
        </where>
    </select>

    <select id="selectSeal" resultType="com.bjpowernode.domain.Seal">
        SELECT
        lv_district.`name` AS `name` ,lv_seal.district_no AS areaNo,count(*) AS total
        FROM
        lv_district JOIN lv_seal
        ON
            lv_seal.district_no = lv_district.`code`
        <where>
            is_deleted = 'N'
            <if test="city != null and city != ''">
                AND city_id = #{city}
            </if>
            <if test="starttime != null and starttime != ''">
                AND lv_seal.approval_date >= STR_TO_DATE(#{starttime},'%Y-%m-%d')
            </if>
            <if test="endtime != null and endtime != ''">
                AND	lv_seal.approval_date &lt;= STR_TO_DATE(#{endtime},'%Y-%m-%d')
            </if>
            GROUP BY
            areaNo,lv_district.`name`
        </where>
    </select>

    <select id="selectCity" resultType="com.bjpowernode.domain.City">
        SELECT
        lv_city.`name` AS `name`,lv_city.`id` AS `code`
        FROM
        lv_city
        where
        lv_city.province_id = 52
    </select>

    <select id="selectCounty" resultType="com.bjpowernode.domain.County">
        SELECT
        lv_district.`name` AS `name` ,lv_district.`code`
        FROM
        lv_district
        WHERE
        lv_district.city_id = #{city}
    </select>

</mapper>